Date,Product,Region,Customer_Type,Quantity,Price,Discount,Revenue
2024-03-24,Cement,South,Individual,162,1394.36,0.26,167155.88
2024-10-06,Steel,North,Individual,196,4237.69,0.15,705999.15
2024-09-10,Cement,West,Individual,306,2444.69,0.2,598460.11
2024-02-04,Cement,East,Individual,115,4434.5,0.25,382475.62
2024-06-19,Bricks,West,Individual,356,4049.85,0.03,1398494.2
2024-05-12,Steel,North,Contractor,281,815.06,0.16,192386.76
2024-05-29,Cement,South,Individual,42,1183.07,0.2,39751.15
2024-02-14,Steel,South,Contractor,467,4177.97,0.09,1775511.91
2024-02-08,Lumber,North,Contractor,8,2041.85,0.16,13721.23
2024-12-22,Steel,West,Individual,210,4341.7,0.15,774993.45
2024-09-01,Steel,South,Contractor,215,538.43,0.04,111131.95
2024-06-16,Lumber,North,Individual,330,1730.06,0.27,416771.45
2024-07-13,Bricks,West,Individual,88,3287.88,0.04,277760.1
2024-04-29,Cement,South,Individual,390,1440.76,0.28,404565.41
2024-08-21,Steel,South,Individual,29,2666.38,0.19,62633.27
2024-09-20,Lumber,South,Individual,98,3094.16,0.21,239549.87
2024-12-01,Lumber,East,Individual,420,4160.16,0.03,1694849.18
2024-09-23,Cement,West,Contractor,446,2560.72,0.11,1016452.2
2024-08-18,Steel,North,Contractor,164,3473.59,0.02,558275.38
2024-05-21,Lumber,East,Contractor,294,4273.71,0.15,1068000.13
2024-07-29,Lumber,East,Contractor,204,883.98,0.2,144265.54
2024-04-26,Lumber,South,Individual,328,251.05,0.19,66698.96
2024-05-21,Cement,North,Contractor,157,4876.16,0.13,666034.69
2024-11-20,Lumber,North,Contractor,103,3368.71,0.05,329628.27
2024-10-05,Lumber,North,Individual,444,1434.51,0.14,547753.3
2024-08-01,Cement,East,Individual,81,3519.98,0.13,248052.99
2024-05-19,Lumber,West,Contractor,80,4736.34,0.22,295547.62
2024-12-26,Steel,East,Contractor,373,149.94,0.16,46979.2
2024-11-17,Lumber,West,Individual,334,2798.59,0.27,682352.21
2024-01-12,Steel,East,Individual,85,3878.94,0.1,296738.91
2024-06-17,Steel,East,Individual,41,844.49,0.2,27699.27
2024-04-12,Cement,East,Individual,216,3021.1,0.13,567725.11
2024-01-10,Cement,South,Contractor,452,1437.19,0.19,526184.0
2024-05-09,Bricks,West,Individual,209,1049.91,0.18,179933.58
2024-04-26,Steel,West,Individual,326,2163.85,0.11,627819.44
2024-10-24,Steel,East,Contractor,394,2354.76,0.08,853553.4
2024-10-02,Lumber,North,Individual,270,1395.69,0.29,267553.77
2024-04-12,Cement,South,Contractor,307,1400.6,0.11,382685.94
2024-10-09,Bricks,South,Individual,160,3397.25,0.25,407670.0
2024-04-28,Steel,West,Individual,405,904.82,0.04,351794.02
2024-04-09,Steel,North,Individual,222,1752.38,0.04,373467.23
2024-09-18,Lumber,South,Contractor,3,25.82,0.05,73.59
2024-05-11,Cement,South,Contractor,30,3851.21,0.28,83186.14
2024-07-04,Bricks,West,Contractor,345,3213.26,0.24,842516.77
2024-06-26,Lumber,East,Individual,389,663.39,0.13,224511.08
2024-04-25,Cement,East,Individual,59,3130.83,0.22,144080.8
2024-01-31,Bricks,South,Individual,296,432.66,0.25,96050.52
2024-10-05,Cement,North,Individual,174,4453.53,0.23,596683.95
2024-06-21,Cement,South,Individual,269,2506.26,0.05,640474.74
2024-07-03,Steel,North,Individual,294,781.87,0.15,195389.31
2024-10-26,Bricks,East,Contractor,429,30.22,0.22,10112.22
2024-01-18,Cement,East,Contractor,187,2584.25,0.05,459092.01
2024-06-21,Lumber,East,Contractor,48,2343.6,0.2,89994.24
2024-03-14,Cement,North,Contractor,300,3685.96,0.22,862514.64
2024-01-25,Steel,North,Individual,98,2141.67,0.16,176302.27
2024-09-20,Lumber,North,Individual,355,4107.78,0.25,1093696.42
2024-03-14,Bricks,East,Contractor,121,978.57,0.12,104198.13
2024-06-02,Steel,South,Contractor,265,158.76,0.02,41229.97
2024-02-18,Cement,South,Individual,422,2949.04,0.17,1032930.75
2024-03-26,Bricks,West,Individual,67,2559.95,0.25,128637.49
2024-11-14,Steel,West,Individual,492,3913.4,0.29,1367028.89
2024-10-23,Cement,South,Contractor,200,2722.02,0.25,408303.0
2024-09-06,Steel,East,Individual,416,3850.01,0.13,1393395.62
2024-09-27,Steel,North,Contractor,340,2455.04,0.07,776283.65
2024-02-26,Steel,East,Contractor,199,3799.9,0.0,756180.1
2024-01-25,Lumber,South,Contractor,360,1324.68,0.16,400583.23
2024-04-06,Lumber,East,Individual,245,3081.62,0.1,679497.21
2024-11-22,Lumber,West,Individual,238,377.82,0.2,71936.93
2024-07-02,Bricks,West,Contractor,53,3230.91,0.22,133565.82
2024-11-12,Cement,South,Contractor,354,948.29,0.23,258484.89
2024-08-10,Lumber,South,Contractor,57,2225.97,0.08,116729.87
2024-08-11,Cement,East,Contractor,352,1264.99,0.16,374032.24
2024-04-26,Steel,South,Individual,72,3442.75,0.02,242920.44
2024-05-18,Steel,West,Contractor,5,4815.82,0.1,21671.19
2024-03-07,Bricks,North,Individual,393,484.91,0.01,188663.93
2024-07-01,Cement,East,Individual,307,325.41,0.06,93906.82
2024-06-04,Steel,East,Contractor,138,4720.47,0.24,495082.89
2024-09-18,Steel,North,Contractor,74,2040.87,0.2,120819.5
2024-02-07,Steel,South,Individual,95,470.92,0.08,41158.41
2024-03-15,Steel,West,Contractor,343,17.78,0.16,5122.77
2024-03-31,Cement,North,Contractor,96,4104.05,0.05,374289.36
2024-02-23,Cement,West,Contractor,404,3975.0,0.05,1525605.0
2024-12-24,Lumber,South,Contractor,337,1690.06,0.02,558159.22
2024-03-21,Lumber,South,Contractor,491,1755.16,0.3,603248.49
2024-06-07,Lumber,North,Individual,309,3784.0,0.22,912019.68
2024-09-22,Steel,West,Contractor,82,1268.9,0.23,80118.35
2024-03-10,Bricks,East,Individual,420,2347.46,0.2,788746.56
2024-11-06,Bricks,North,Individual,104,4487.61,0.2,373369.15
2024-10-18,Steel,South,Contractor,85,136.1,0.01,11452.82
2024-03-16,Steel,West,Individual,80,3011.12,0.21,190302.78
2024-03-10,Bricks,South,Contractor,206,2944.42,0.24,460978.4
2024-04-06,Bricks,North,Contractor,323,1126.23,0.29,258278.33
2024-12-29,Lumber,East,Contractor,216,1532.18,0.04,317712.84
2024-09-02,Cement,South,Individual,273,779.88,0.19,172454.86
2024-06-19,Bricks,North,Individual,358,2469.02,0.0,883909.16
2024-06-27,Steel,South,Individual,459,3971.88,0.11,1622552.7
2024-06-02,Steel,North,Contractor,131,3172.87,0.3,290952.18
2024-09-03,Lumber,South,Contractor,158,3016.16,0.11,424132.42
2024-12-03,Bricks,South,Contractor,42,1177.95,0.29,35126.47
2024-04-08,Cement,North,Contractor,104,4997.43,0.08,478154.1
2024-02-02,Steel,North,Contractor,469,3523.12,0.02,1619296.41
2024-06-02,Cement,North,Contractor,313,1813.99,0.09,516678.77
2024-02-27,Steel,West,Contractor,428,2829.65,0.17,1005204.87
2024-06-29,Bricks,West,Contractor,469,4257.08,0.11,1776947.76
2024-12-15,Steel,West,Contractor,385,2034.19,0.08,720510.1
2024-06-04,Bricks,North,Individual,336,4629.27,0.02,1524326.03
2024-08-25,Bricks,West,Individual,46,4029.86,0.2,148298.85
2024-11-09,Cement,South,Contractor,227,2912.5,0.25,495853.12
2024-06-28,Cement,South,Contractor,107,1278.71,0.14,117666.89
2024-06-13,Bricks,East,Individual,190,320.37,0.25,45652.73
2024-12-26,Cement,West,Contractor,311,179.93,0.28,40289.93
2024-05-13,Bricks,North,Contractor,377,3075.2,0.11,1031821.86
2024-12-15,Cement,West,Individual,441,4621.72,0.27,1487870.32
2024-12-24,Cement,East,Individual,232,2884.79,0.04,642500.43
2024-01-20,Cement,East,Individual,200,2255.53,0.02,442083.88
2024-03-26,Cement,East,Individual,250,2884.35,0.12,634557.0
2024-09-21,Cement,West,Individual,54,744.02,0.05,38168.23
2024-09-30,Lumber,North,Contractor,29,38.6,0.28,805.97
2024-01-30,Cement,North,Individual,194,3541.62,0.11,611496.11
2024-10-15,Cement,South,Individual,471,4203.45,0.16,1663052.96
2024-05-21,Lumber,West,Individual,66,2485.44,0.21,129590.84
2024-05-23,Steel,North,Contractor,344,2081.7,0.0,716104.8
2024-12-23,Cement,North,Contractor,234,184.53,0.06,40589.22
2024-11-19,Steel,West,Contractor,435,300.18,0.26,96627.94
2024-07-05,Lumber,West,Individual,73,2722.4,0.27,145076.7
2024-10-02,Lumber,East,Contractor,458,2303.33,0.25,791193.86
2024-07-19,Steel,South,Contractor,161,4148.38,0.17,554348.02
2024-11-03,Steel,West,Contractor,314,3856.78,0.22,944602.56
2024-12-17,Lumber,East,Individual,204,905.25,0.18,151430.22
2024-02-20,Cement,West,Contractor,316,343.22,0.17,90019.74
2024-02-19,Bricks,West,Contractor,479,4222.44,0.2,1618039.01
2024-03-25,Bricks,East,Individual,194,4621.22,0.23,690317.84
2024-04-28,Lumber,South,Contractor,318,4087.53,0.03,1260839.5
2024-06-05,Bricks,West,Individual,137,4797.86,0.0,657306.82
2024-06-02,Bricks,North,Contractor,77,60.99,0.11,4179.64
2024-07-25,Cement,South,Contractor,357,3803.8,0.01,1344377.03
2024-04-27,Bricks,East,Individual,73,3443.81,0.02,246370.17
2024-08-16,Lumber,East,Contractor,468,4217.36,0.0,1973724.48
2024-05-21,Cement,South,Individual,330,4858.69,0.1,1443030.93
2024-07-11,Cement,East,Contractor,126,2084.17,0.11,233718.82
2024-02-27,Cement,West,Contractor,121,4088.2,0.21,390791.04
2024-12-03,Steel,South,Contractor,431,3204.52,0.07,1284467.75
2024-09-23,Bricks,West,Individual,313,3257.66,0.17,846307.49
2024-02-09,Bricks,South,Individual,95,1201.56,0.11,101591.9
2024-01-01,Cement,West,Individual,188,2196.93,0.17,342808.96
2024-05-15,Bricks,South,Contractor,226,4289.57,0.24,736776.54
2024-01-19,Lumber,East,Contractor,177,3774.44,0.22,521099.19
2024-10-22,Lumber,South,Individual,420,2325.95,0.02,957361.02
2024-05-05,Steel,South,Contractor,189,2635.19,0.29,353616.15
2024-04-19,Lumber,West,Contractor,301,151.27,0.03,44166.3
2024-11-30,Lumber,West,Individual,243,2350.8,0.18,468420.41
2024-04-25,Bricks,South,Contractor,223,4870.18,0.11,966584.62
2024-11-25,Steel,West,Individual,390,2189.25,0.18,700122.15
2024-01-27,Bricks,North,Contractor,401,551.81,0.12,194722.71
2024-09-12,Bricks,West,Contractor,10,1479.64,0.22,11541.19
2024-08-24,Lumber,West,Individual,347,3625.75,0.13,1094577.67
2024-10-19,Cement,East,Individual,254,3648.1,0.04,889552.7
2024-11-15,Lumber,North,Individual,151,37.9,0.14,4921.69
2024-12-10,Steel,West,Individual,320,3608.24,0.14,992987.65
2024-05-27,Cement,South,Contractor,360,4807.69,0.18,1419230.09
2024-02-15,Cement,North,Contractor,151,4312.07,0.14,559965.41
2024-11-07,Cement,North,Individual,193,1259.57,0.26,179891.79
2024-12-15,Cement,East,Contractor,466,1305.47,0.13,529263.65
2024-07-26,Lumber,South,Individual,310,2196.71,0.19,551593.88
2024-01-04,Cement,North,Individual,447,4040.62,0.24,1372679.43
2024-02-11,Cement,West,Individual,494,2832.38,0.29,993428.96
2024-04-01,Cement,South,Individual,129,4152.54,0.08,492823.45
2024-11-11,Lumber,North,Contractor,418,1837.01,0.27,560545.23
2024-06-07,Steel,North,Individual,355,2045.84,0.25,544704.9
2024-11-26,Bricks,West,Contractor,57,718.97,0.27,29916.34
2024-08-16,Cement,North,Contractor,77,1992.28,0.01,151871.5
2024-03-10,Lumber,East,Contractor,483,2646.03,0.15,1086327.62
2024-07-11,Bricks,West,Contractor,396,3270.9,0.27,945551.77
2024-05-26,Cement,North,Contractor,288,66.64,0.21,15161.93
2024-03-25,Lumber,East,Individual,5,4863.07,0.16,20424.89
2024-09-16,Steel,East,Contractor,322,4458.78,0.14,1234725.36
2024-10-16,Bricks,North,Contractor,286,3908.78,0.14,961403.53
2024-06-21,Bricks,West,Contractor,403,188.52,0.16,63817.79
2024-10-23,Steel,East,Contractor,214,4254.33,0.08,837592.49
2024-03-07,Bricks,West,Contractor,274,1342.45,0.16,308978.29
2024-01-12,Lumber,South,Individual,224,3594.61,0.12,708569.52
2024-05-05,Steel,West,Contractor,227,4073.28,0.27,674983.23
2024-04-13,Cement,East,Individual,500,3169.85,0.2,1267940.0
2024-08-10,Lumber,North,Contractor,323,4933.26,0.29,1131344.52
2024-10-28,Bricks,South,Individual,39,4858.26,0.21,149682.99
2024-04-25,Cement,West,Individual,414,2360.56,0.13,850226.5
2024-07-31,Lumber,West,Contractor,259,701.16,0.3,127120.31
2024-12-03,Steel,East,Individual,76,3688.22,0.05,266289.48
2024-04-25,Bricks,North,Individual,162,845.81,0.16,115097.82
2024-02-14,Steel,West,Individual,332,2450.51,0.27,593905.6
2024-03-31,Steel,West,Individual,250,2667.12,0.27,486749.4
2024-11-23,Steel,West,Contractor,330,1195.01,0.29,279990.84
2024-08-03,Cement,North,Individual,426,2186.76,0.11,829088.19
2024-02-15,Lumber,North,Contractor,451,138.26,0.05,59237.5
2024-01-06,Steel,North,Individual,295,3226.76,0.13,828147.95
2024-09-13,Steel,South,Contractor,211,2262.13,0.0,477309.43
2024-10-27,Steel,East,Individual,336,2190.41,0.2,588782.21
2024-09-26,Bricks,South,Contractor,200,891.74,0.17,148028.84
2024-06-16,Cement,West,Contractor,384,4926.6,0.18,1551287.81
2024-04-04,Steel,East,Contractor,155,4271.0,0.07,615664.65
2024-04-12,Bricks,South,Contractor,304,1943.73,0.15,502259.83
2024-04-25,Bricks,South,Contractor,72,217.83,0.15,13331.2
2024-08-04,Lumber,East,Contractor,159,228.41,0.12,31959.13
2024-04-19,Cement,East,Contractor,425,969.6,0.2,329664.0
2024-03-03,Cement,South,Individual,267,1381.95,0.0,368980.65
2024-05-07,Steel,South,Individual,472,944.75,0.04,428085.12
2024-05-06,Lumber,East,Individual,384,3624.57,0.14,1196978.0
2024-04-14,Bricks,South,Contractor,490,304.87,0.21,118015.18
2024-10-27,Steel,North,Contractor,188,2810.15,0.24,401514.23
2024-03-21,Bricks,South,Contractor,113,2869.71,0.03,314548.91
2024-01-06,Lumber,East,Individual,82,4313.41,0.05,336014.64
2024-10-29,Lumber,South,Individual,445,1225.66,0.03,529056.14
2024-01-25,Cement,North,Individual,120,1988.86,0.29,169450.87
2024-06-17,Cement,East,Individual,87,2516.12,0.22,170743.9
2024-03-08,Cement,East,Contractor,387,1769.06,0.13,595624.81
2024-12-03,Lumber,North,Individual,125,4049.03,0.29,359351.41
2024-03-25,Steel,West,Contractor,284,2257.31,0.11,570557.68
2024-05-14,Bricks,North,Contractor,148,1211.86,0.08,165006.86
2024-02-27,Bricks,South,Individual,64,1028.2,0.16,55276.03
2024-02-07,Cement,West,Contractor,32,921.34,0.29,20932.84
2024-11-24,Lumber,West,Contractor,230,73.12,0.1,15135.84
2024-05-11,Lumber,South,Contractor,320,3252.62,0.02,1020021.63
2024-12-20,Lumber,West,Individual,158,895.78,0.24,107565.26
2024-10-16,Lumber,East,Contractor,106,3275.27,0.07,322876.12
2024-06-06,Lumber,North,Contractor,297,1332.39,0.09,360105.05
2024-10-07,Steel,West,Contractor,119,4530.35,0.09,490591.6
2024-05-04,Cement,North,Individual,312,4658.65,0.05,1380823.86
2024-04-26,Steel,East,Individual,84,501.38,0.28,30323.46
2024-08-19,Lumber,South,Individual,387,4975.06,0.21,1521025.09
2024-03-30,Bricks,South,Individual,372,3393.42,0.23,972011.22
2024-05-25,Cement,North,Individual,475,4113.35,0.29,1387227.29
2024-02-15,Lumber,East,Individual,154,3403.77,0.13,456037.1
2024-11-16,Steel,North,Contractor,270,1759.97,0.27,346890.09
2024-11-14,Bricks,South,Individual,281,707.43,0.12,174933.29
2024-11-26,Steel,South,Contractor,54,4693.94,0.17,210382.39
2024-06-09,Steel,North,Individual,450,1510.41,0.1,611716.05
2024-01-13,Lumber,East,Contractor,39,2397.84,0.15,79488.4
2024-07-31,Steel,East,Individual,489,1480.12,0.04,694827.53
2024-02-16,Steel,South,Individual,464,4818.82,0.22,1744027.33
2024-09-08,Cement,East,Individual,361,772.22,0.08,256469.71
2024-12-12,Bricks,North,Individual,146,2588.52,0.18,309897.61
2024-03-22,Bricks,East,Individual,284,4011.88,0.12,1002649.05
2024-07-21,Lumber,North,Individual,404,2845.96,0.19,931311.95
2024-12-02,Bricks,North,Contractor,423,2731.47,0.19,935883.57
2024-04-23,Lumber,South,Contractor,309,1309.0,0.23,311450.37
2024-02-20,Steel,North,Individual,282,4593.04,0.24,984380.33
2024-11-02,Lumber,North,Contractor,101,2903.61,0.17,243409.63
2024-11-08,Cement,South,Individual,190,2792.4,0.2,424444.8
2024-03-13,Cement,West,Contractor,358,3066.64,0.27,801435.7
2024-12-22,Steel,West,Individual,268,1651.64,0.29,314274.06
2024-03-09,Bricks,South,Individual,355,2316.29,0.04,789391.63
2024-11-03,Bricks,South,Individual,30,3017.71,0.17,75140.98
2024-04-27,Cement,East,Individual,209,4653.96,0.22,758688.56
2024-04-18,Steel,North,Individual,273,2588.8,0.26,522989.38
2024-10-30,Cement,East,Individual,131,2585.46,0.22,264182.3
2024-06-03,Bricks,North,Contractor,122,3603.92,0.23,338552.24
2024-06-30,Steel,East,Individual,161,1407.98,0.26,167746.74
2024-07-24,Lumber,North,Contractor,463,1558.12,0.16,605984.03
2024-07-24,Cement,East,Individual,132,1308.34,0.17,143341.73
2024-10-23,Lumber,North,Individual,219,826.32,0.1,162867.67
2024-05-01,Lumber,South,Contractor,476,4199.79,0.23,1539307.03
2024-05-21,Bricks,South,Contractor,394,4076.92,0.17,1333234.38
2024-04-30,Bricks,West,Contractor,369,4004.93,0.18,1211811.72
2024-04-29,Steel,East,Individual,374,4861.31,0.09,1654498.25
2024-03-11,Steel,South,Individual,299,933.71,0.23,214968.05
2024-08-14,Lumber,South,Contractor,83,945.77,0.21,62014.14
2024-07-15,Steel,South,Individual,77,895.08,0.13,59961.41
2024-05-30,Bricks,North,Contractor,360,3622.63,0.21,1030275.97
2024-09-01,Steel,South,Individual,70,3995.81,0.04,268518.43
2024-10-12,Lumber,North,Individual,87,1763.45,0.17,127338.72
2024-02-19,Lumber,North,Individual,83,626.0,0.15,44164.3
2024-12-19,Bricks,West,Individual,370,4199.97,0.13,1351970.34
2024-11-09,Bricks,South,Contractor,69,1323.89,0.09,83127.05
2024-02-28,Bricks,West,Individual,21,4971.76,0.05,99186.61
2024-02-21,Steel,East,Individual,125,4572.23,0.02,560098.18
2024-01-17,Steel,West,Individual,132,3863.91,0.3,357025.28
2024-09-20,Lumber,West,Individual,110,809.1,0.18,72980.82
2024-06-10,Bricks,South,Contractor,379,1130.29,0.11,381258.12
2024-02-21,Bricks,North,Contractor,106,991.66,0.01,104064.8
2024-08-07,Bricks,East,Contractor,487,2563.96,0.03,1211189.06
2024-12-24,Cement,West,Contractor,123,183.34,0.19,18266.16
2024-11-25,Lumber,North,Individual,294,508.06,0.25,112027.23
2024-05-30,Steel,South,Contractor,176,4063.24,0.1,643617.22
2024-09-12,Cement,North,Contractor,484,2860.74,0.04,1329214.23
2024-10-23,Lumber,South,Contractor,309,1273.64,0.04,377812.57
2024-10-14,Cement,West,Individual,379,2606.97,0.28,711389.97
2024-02-06,Steel,East,Contractor,456,1009.04,0.19,372699.01
2024-02-20,Cement,East,Contractor,369,4095.42,0.08,1390313.18
2024-03-16,Cement,East,Individual,164,3398.06,0.11,495980.84
2024-11-25,Bricks,South,Contractor,25,3353.38,0.12,73774.36
2024-01-12,Lumber,West,Individual,85,1343.58,0.05,108494.08
2024-06-24,Steel,West,Individual,14,1694.1,0.28,17076.53
2024-02-20,Lumber,East,Contractor,95,4819.53,0.13,398334.15
2024-04-24,Bricks,North,Contractor,415,1170.77,0.29,344967.38
2024-08-20,Steel,North,Contractor,307,946.14,0.06,273037.08
2024-11-13,Steel,East,Individual,421,1224.38,0.19,417525.82
2024-05-07,Lumber,South,Contractor,45,4563.58,0.04,197146.66
2024-03-14,Steel,East,Contractor,404,4356.86,0.13,1531349.15
2024-09-22,Cement,East,Contractor,343,2723.86,0.07,868884.1
2024-02-25,Cement,East,Contractor,234,105.54,0.1,22226.72
2024-08-17,Steel,East,Individual,396,3797.3,0.07,1398469.64
2024-03-15,Steel,South,Individual,334,2795.01,0.22,728156.01
2024-02-27,Bricks,South,Individual,198,2847.67,0.04,541285.11
2024-03-29,Bricks,South,Contractor,428,3597.43,0.27,1123981.03
2024-04-18,Lumber,East,Contractor,414,145.57,0.14,51828.74
2024-05-28,Cement,South,Contractor,343,3605.51,0.13,1075920.24
2024-08-29,Bricks,East,Contractor,138,4209.65,0.14,499601.26
2024-03-28,Steel,West,Contractor,233,4267.62,0.25,745766.6
2024-03-18,Lumber,South,Contractor,44,4263.9,0.09,170726.56
2024-10-13,Lumber,South,Contractor,79,2563.48,0.1,182263.43
2024-11-23,Cement,West,Individual,479,3572.1,0.17,1420159.8
2024-04-08,Cement,West,Individual,271,3723.03,0.2,807152.9
2024-03-04,Steel,West,Contractor,316,2647.27,0.21,660864.48
2024-11-28,Bricks,North,Individual,61,2679.39,0.29,116044.38
2024-10-01,Cement,East,Individual,157,2048.27,0.23,247615.36
2024-05-31,Cement,West,Contractor,61,4543.45,0.07,257749.92
2024-08-22,Cement,West,Contractor,320,3923.02,0.09,1142383.42
2024-08-02,Bricks,South,Individual,299,4194.46,0.09,1141270.62
2024-04-03,Steel,West,Individual,360,4639.68,0.07,1553364.86
2024-08-29,Lumber,West,Individual,389,1615.02,0.03,609395.5
2024-11-13,Cement,East,Contractor,107,4221.49,0.04,433631.45
2024-11-27,Lumber,North,Contractor,439,2815.73,0.2,988884.38
2024-01-09,Cement,South,Contractor,108,4717.22,0.03,494175.97
2024-03-25,Lumber,North,Contractor,461,532.97,0.09,223586.24
2024-03-29,Cement,West,Contractor,367,1873.43,0.24,522537.1
2024-05-17,Steel,South,Contractor,288,3405.09,0.19,794339.4
2024-07-20,Steel,North,Individual,491,139.76,0.26,50780.4
2024-07-21,Steel,West,Individual,340,2456.14,0.14,718175.34
2024-12-17,Cement,West,Contractor,152,1285.63,0.02,191507.44
2024-07-31,Cement,South,Individual,461,184.7,0.13,74077.63
2024-01-27,Cement,East,Individual,200,3051.13,0.11,543101.14
2024-07-18,Steel,South,Individual,177,578.53,0.2,81919.85
2024-01-10,Cement,West,Contractor,273,3351.89,0.06,860162.01
2024-04-10,Lumber,North,Individual,349,3894.57,0.15,1155324.19
2024-05-05,Lumber,North,Individual,185,297.22,0.04,52786.27
2024-02-07,Bricks,West,Individual,305,4934.1,0.25,1128675.38
2024-12-13,Bricks,North,Individual,141,3157.82,0.17,369559.67
2024-04-28,Cement,South,Contractor,73,635.06,0.07,43114.22
2024-12-12,Steel,West,Contractor,251,1451.0,0.25,273150.75
2024-10-12,Lumber,North,Contractor,347,250.43,0.04,83423.24
2024-06-13,Steel,North,Contractor,18,2251.8,0.22,31615.27
2024-05-08,Steel,West,Individual,62,2791.66,0.05,164428.77
2024-06-25,Cement,North,Contractor,356,103.55,0.09,33546.06
2024-08-05,Lumber,South,Contractor,34,4104.4,0.26,103266.7
2024-06-22,Bricks,North,Contractor,279,127.23,0.06,33367.34
2024-07-21,Steel,North,Individual,487,1573.97,0.17,636214.41
2024-03-08,Cement,South,Individual,100,910.33,0.27,66454.09
2024-11-15,Lumber,North,Contractor,131,860.99,0.15,95871.24
2024-05-02,Cement,South,Individual,281,3585.1,0.2,805930.48
2024-12-31,Lumber,South,Contractor,73,2900.02,0.23,163010.12
2024-09-13,Lumber,East,Contractor,388,4172.1,0.04,1554023.81
2024-05-16,Cement,West,Individual,286,2573.84,0.1,662506.42
2024-01-30,Steel,South,Individual,379,4144.68,0.25,1178125.29
2024-06-13,Cement,East,Contractor,220,628.74,0.12,121724.06
2024-11-22,Lumber,North,Contractor,430,3090.2,0.24,1009877.36
2024-01-29,Bricks,South,Contractor,245,4700.04,0.28,829087.06
2024-12-02,Bricks,East,Individual,174,2353.8,0.11,364509.47
2024-05-18,Bricks,East,Contractor,49,4194.68,0.04,197317.75
2024-12-17,Lumber,North,Individual,379,1542.66,0.18,479427.87
2024-10-09,Cement,South,Contractor,55,2979.46,0.29,116347.91
2024-02-12,Lumber,West,Contractor,128,172.88,0.09,20137.06
2024-11-23,Lumber,East,Individual,479,4107.22,0.28,1416498.03
2024-10-24,Lumber,East,Individual,167,256.23,0.12,37655.56
2024-09-05,Bricks,North,Individual,135,1165.41,0.25,117997.76
2024-09-09,Bricks,West,Individual,107,4326.45,0.11,412007.83
2024-03-25,Lumber,North,Individual,153,3332.85,0.09,464032.71
2024-12-26,Lumber,South,Contractor,201,2705.05,0.05,516529.3
2024-10-20,Steel,East,Contractor,95,1122.49,0.14,91707.43
2024-03-02,Lumber,North,Contractor,137,657.45,0.1,81063.59
2024-12-06,Cement,West,Individual,214,2727.87,0.23,449498.42
2024-11-08,Cement,East,Contractor,26,2904.88,0.23,58155.7
2024-07-20,Bricks,East,Contractor,224,4020.87,0.15,765573.65
2024-02-13,Bricks,South,Individual,350,3573.8,0.01,1238321.7
2024-01-08,Steel,West,Individual,425,1208.7,0.2,410958.0
2024-10-31,Bricks,East,Contractor,424,156.13,0.17,54945.27
2024-02-19,Lumber,West,Individual,123,1797.82,0.21,174694.17
2024-06-28,Bricks,South,Individual,292,2640.68,0.02,755656.99
2024-12-29,Bricks,East,Individual,386,3313.53,0.06,1202281.23
2024-02-09,Steel,South,Individual,40,244.93,0.04,9405.31
2024-03-29,Steel,West,Individual,219,1972.51,0.19,349903.55
2024-10-13,Lumber,South,Individual,201,3174.06,0.06,599706.9
2024-05-08,Bricks,East,Individual,110,2958.17,0.2,260318.96
2024-02-01,Cement,South,Contractor,255,1067.95,0.08,250541.07
2024-07-10,Lumber,North,Individual,117,491.68,0.17,47747.04
2024-11-21,Lumber,South,Contractor,84,2303.52,0.07,179950.98
2024-09-11,Lumber,South,Contractor,360,673.06,0.27,176880.17
2024-03-19,Lumber,East,Individual,144,1503.95,0.17,179752.1
2024-10-03,Cement,South,Contractor,349,766.18,0.16,224613.33
2024-06-08,Steel,South,Individual,261,308.52,0.06,75692.3
2024-08-01,Steel,South,Individual,463,1111.65,0.13,447783.74
2024-05-20,Bricks,South,Contractor,461,486.44,0.04,215278.89
2024-05-06,Bricks,West,Contractor,325,4467.6,0.28,1045418.4
2024-11-22,Bricks,East,Individual,460,816.13,0.22,292827.44
2024-11-27,Cement,North,Individual,98,459.3,0.28,32408.21
2024-02-10,Lumber,North,Contractor,29,4612.07,0.06,125725.03
2024-09-06,Lumber,East,Contractor,7,1670.12,0.07,10872.48
2024-06-06,Lumber,South,Contractor,178,4954.7,0.08,811381.67
2024-07-23,Cement,West,Individual,104,452.39,0.22,36697.88
2024-01-27,Cement,East,Individual,297,1292.97,0.12,337930.64
2024-04-18,Lumber,West,Individual,193,1700.92,0.14,282318.7
2024-04-26,Bricks,South,Contractor,239,3163.3,0.11,672865.54
2024-01-06,Bricks,North,Contractor,326,3218.46,0.14,902327.45
2024-09-29,Lumber,East,Contractor,308,2478.78,0.23,587867.46
2024-12-25,Bricks,East,Contractor,95,13.27,0.16,1058.95
2024-02-06,Lumber,North,Individual,73,446.85,0.17,27074.64
2024-01-21,Bricks,South,Contractor,482,4921.76,0.19,1921553.54
2024-07-03,Lumber,East,Contractor,41,3583.32,0.26,108717.93
2024-03-25,Steel,South,Individual,195,3415.76,0.13,579483.68
2024-05-27,Steel,North,Contractor,82,593.39,0.17,40386.12
2024-10-25,Cement,South,Individual,102,3671.01,0.17,310787.71
2024-05-30,Bricks,East,Individual,52,437.03,0.27,16589.66
2024-12-03,Lumber,North,Individual,472,3965.02,0.16,1572051.13
2024-10-25,Bricks,North,Contractor,219,4028.16,0.02,864523.7
2024-02-16,Lumber,East,Individual,97,3973.88,0.02,377757.03
2024-11-22,Steel,East,Individual,432,2006.35,0.17,719396.86
2024-12-01,Cement,North,Individual,254,679.83,0.26,127780.85
2024-10-10,Cement,East,Individual,296,3712.43,0.11,978002.56
2024-09-27,Steel,West,Contractor,32,1825.76,0.0,58424.32
2024-08-18,Bricks,West,Individual,219,1858.02,0.02,398768.25
2024-02-22,Bricks,West,Individual,100,3731.28,0.06,350740.32
2024-02-26,Bricks,East,Contractor,461,3911.4,0.07,1676934.52
2024-03-25,Cement,West,Individual,492,4774.19,0.09,2137500.35
2024-01-09,Steel,West,Individual,81,3122.67,0.05,240289.46
2024-06-03,Cement,East,Contractor,58,2555.78,0.16,124517.6
2024-04-03,Lumber,South,Individual,300,3070.62,0.25,690889.5
2024-09-17,Lumber,West,Individual,143,3684.2,0.08,484693.35
2024-11-18,Bricks,North,Individual,76,1506.58,0.26,84730.06
2024-03-09,Lumber,East,Individual,271,424.1,0.13,99990.06
2024-08-17,Bricks,South,Contractor,309,4976.14,0.0,1537627.26
2024-07-01,Bricks,North,Individual,38,1422.34,0.04,51886.96
2024-06-19,Steel,East,Individual,74,849.35,0.05,59709.3
2024-04-24,Bricks,West,Contractor,233,3817.42,0.07,827196.74
2024-02-18,Steel,East,Contractor,156,1322.42,0.11,183604.79
2024-06-28,Steel,South,Contractor,156,367.64,0.06,53910.73
2024-09-21,Lumber,West,Individual,134,1754.58,0.16,197495.52
2024-07-02,Steel,South,Contractor,213,4541.13,0.1,870534.62
2024-12-08,Lumber,South,Individual,31,9.18,0.09,258.97
2024-08-24,Lumber,South,Contractor,284,54.75,0.22,12128.22
2024-08-09,Cement,West,Contractor,284,3268.45,0.28,668332.66
2024-12-19,Cement,North,Contractor,113,4578.06,0.28,372470.96
2024-02-27,Steel,West,Individual,285,3055.97,0.16,731599.22
2024-02-16,Cement,North,Contractor,7,1296.5,0.03,8803.24
2024-10-05,Cement,North,Contractor,228,266.72,0.09,55339.07
2024-12-17,Bricks,North,Individual,58,1043.02,0.07,56260.5
2024-11-10,Bricks,East,Individual,3,2782.19,0.18,6844.19
2024-09-28,Cement,North,Individual,427,1288.2,0.14,473052.8
2024-07-22,Cement,East,Contractor,412,964.28,0.12,349609.36
2024-12-11,Bricks,South,Individual,52,2970.86,0.04,148305.33
2024-03-03,Bricks,North,Contractor,161,2655.13,0.01,423201.17
2024-06-01,Bricks,East,Contractor,320,4468.14,0.11,1272526.27
2024-07-30,Lumber,East,Contractor,84,3925.03,0.25,247276.89
2024-05-15,Steel,North,Individual,72,2204.41,0.22,123799.67
2024-01-28,Bricks,West,Individual,194,4919.31,0.25,715759.61
2024-01-21,Lumber,East,Contractor,307,1715.99,0.22,410910.97
2024-12-02,Steel,West,Contractor,496,3308.68,0.24,1247240.01
2024-07-15,Lumber,North,Individual,465,3945.31,0.01,1816223.46
2024-12-06,Cement,East,Contractor,239,4456.81,0.23,820186.74
2024-06-16,Cement,West,Contractor,370,4084.2,0.12,1329815.52
2024-06-02,Steel,North,Individual,245,4729.51,0.14,996507.76
2024-12-01,Steel,West,Contractor,266,3231.83,0.06,808086.77
2024-01-01,Bricks,North,Contractor,192,4122.18,0.18,648996.02
2024-04-09,Steel,West,Contractor,489,2847.38,0.23,1072123.99
2024-03-22,Steel,East,Individual,268,2828.17,0.2,606359.65
2024-01-27,Lumber,South,Individual,114,3955.91,0.3,315681.62
2024-01-16,Lumber,West,Individual,291,800.26,0.11,207259.34
2024-01-26,Bricks,East,Contractor,181,764.11,0.03,134154.79
2024-12-13,Steel,North,Contractor,269,4488.23,0.23,929647.08
2024-11-25,Cement,West,Contractor,95,3956.59,0.03,364599.77
2024-10-27,Bricks,South,Contractor,145,1692.91,0.13,213560.6
2024-12-13,Cement,North,Individual,274,588.38,0.04,154767.48
2024-04-29,Bricks,South,Contractor,16,710.26,0.06,10682.31
2024-10-07,Bricks,North,Contractor,88,2307.93,0.29,144199.47
2024-06-21,Cement,East,Contractor,437,2227.62,0.2,778775.95
2024-10-22,Cement,East,Individual,409,573.25,0.19,189911.99
2024-07-22,Steel,North,Individual,489,3673.81,0.23,1383299.68
2024-09-19,Lumber,East,Individual,327,2554.41,0.08,768468.7
2024-03-18,Bricks,South,Contractor,395,2519.57,0.01,985277.85
2024-11-06,Cement,East,Contractor,276,2296.66,0.04,608523.03
2024-06-01,Cement,South,Individual,416,2933.07,0.3,854109.98
2024-06-26,Lumber,South,Contractor,109,3562.89,0.23,299033.36
2024-04-15,Cement,South,Individual,433,2531.95,0.22,855140.79
2024-09-27,Steel,East,Individual,297,2839.89,0.24,641019.97
2024-01-14,Cement,West,Individual,203,1438.21,0.04,280278.36
2024-11-13,Cement,South,Individual,293,1347.96,0.29,280416.12
2024-03-19,Bricks,North,Individual,236,1424.75,0.26,248818.34
2024-03-25,Steel,South,Individual,453,4253.5,0.28,1387321.56
2024-09-18,Bricks,North,Individual,487,4964.76,0.28,1740843.45
2024-03-07,Steel,North,Contractor,81,3907.01,0.22,246844.89
2024-01-31,Bricks,East,Individual,389,3665.52,0.0,1425887.28
2024-03-10,Steel,North,Individual,284,3207.63,0.0,910966.92
2024-07-28,Lumber,East,Contractor,361,3040.01,0.09,998673.69
2024-01-16,Cement,North,Contractor,314,4712.4,0.18,1213348.75
2024-07-05,Steel,South,Individual,326,3104.63,0.3,708476.57
2024-04-09,Steel,West,Individual,174,2933.79,0.04,490060.28
2024-07-25,Lumber,East,Individual,44,3912.19,0.23,132545.0
2024-01-31,Cement,North,Individual,84,2041.29,0.07,159465.57
2024-11-14,Cement,South,Contractor,229,1024.48,0.18,192376.85
2024-08-02,Bricks,West,Contractor,271,2632.7,0.26,527961.66
2024-03-18,Steel,South,Individual,152,3768.7,0.12,504101.31
2024-10-12,Cement,East,Individual,427,452.28,0.24,146773.91
2024-04-26,Lumber,South,Contractor,88,4295.46,0.24,287280.36
2024-04-01,Steel,North,Contractor,317,1622.49,0.21,406320.17
2024-08-04,Cement,West,Contractor,417,510.34,0.12,187274.37
2024-01-14,Bricks,South,Individual,85,2274.85,0.17,160490.67
2024-11-24,Cement,South,Individual,196,1809.81,0.02,347628.3
2024-03-21,Lumber,East,Individual,397,289.04,0.02,112453.9
2024-10-19,Cement,South,Individual,432,3257.94,0.2,1125944.06
2024-05-16,Cement,North,Individual,289,2949.82,0.23,656423.44
2024-07-05,Lumber,West,Individual,271,3311.59,0.25,673080.67
2024-12-02,Bricks,South,Contractor,256,3503.27,0.19,726438.07
2024-11-07,Lumber,South,Contractor,101,2588.27,0.29,185604.84
2024-04-11,Lumber,West,Individual,336,3381.79,0.02,1113555.81
2024-09-01,Cement,South,Contractor,252,3737.13,0.18,772240.54
2024-10-04,Steel,North,Contractor,28,4601.11,0.11,114659.66
2024-06-25,Bricks,West,Individual,177,1483.88,0.19,212743.88
2024-02-28,Bricks,East,Contractor,255,4685.68,0.15,1015621.14
2024-10-31,Lumber,West,Individual,299,2025.99,0.24,460385.97
2024-01-16,Lumber,North,Contractor,33,3329.11,0.2,87888.5
2024-08-21,Lumber,East,Individual,185,3132.26,0.19,469369.16
2024-12-25,Steel,North,Individual,482,1248.58,0.23,463397.98
2024-04-07,Cement,East,Individual,297,2690.87,0.26,591399.41
2024-10-05,Steel,East,Individual,269,1716.32,0.06,433988.68
2024-11-06,Steel,North,Contractor,269,3524.79,0.15,805943.23
2024-04-13,Lumber,South,Individual,388,1908.68,0.09,673916.73
2024-12-28,Cement,West,Individual,420,1763.11,0.08,681265.7
2024-09-09,Lumber,South,Individual,337,2317.09,0.13,679347.62
2024-04-10,Bricks,South,Contractor,136,4577.56,0.28,448234.68
2024-03-19,Lumber,East,Contractor,232,1255.33,0.18,238813.98
2024-12-13,Cement,West,Contractor,228,4410.83,0.1,905102.32
2024-09-24,Cement,West,Individual,26,2509.57,0.12,57418.96
2024-03-03,Cement,North,Contractor,378,533.28,0.2,161263.87
2024-03-06,Cement,South,Individual,454,1320.68,0.24,455687.43
2024-06-23,Lumber,South,Contractor,218,2660.92,0.02,568478.95
2024-12-26,Steel,East,Contractor,113,3073.14,0.05,329901.58
2024-08-11,Cement,West,Contractor,9,2755.26,0.29,17606.11
2024-03-13,Lumber,North,Contractor,208,3323.22,0.0,691229.76
2024-11-05,Steel,South,Contractor,176,3865.14,0.15,578224.94
2024-04-14,Lumber,South,Individual,71,2210.48,0.17,130263.59
2024-10-12,Cement,West,Individual,266,4291.46,0.28,821900.42
2024-06-24,Cement,West,Contractor,446,707.07,0.25,236514.92
2024-12-22,Bricks,South,Contractor,406,531.75,0.22,168394.59
2024-08-16,Lumber,East,Individual,352,2338.83,0.13,716243.3
2024-07-09,Bricks,West,Individual,185,2625.83,0.06,456631.84
2024-12-04,Bricks,West,Individual,333,3576.64,0.16,1000457.74
2024-03-31,Lumber,South,Individual,352,3845.71,0.29,961119.84
2024-02-29,Cement,North,Contractor,211,504.43,0.3,74504.31
2024-01-13,Bricks,East,Contractor,46,2157.21,0.28,71446.8
2024-07-12,Lumber,West,Contractor,496,2439.77,0.01,1198024.66
2024-01-15,Steel,South,Individual,52,1749.68,0.21,71876.85
2024-12-02,Lumber,West,Individual,437,2821.26,0.27,900010.15
2024-04-13,Bricks,South,Individual,249,4721.94,0.06,1105217.28
2024-04-24,Steel,West,Contractor,316,3579.49,0.05,1074562.9
2024-11-12,Bricks,North,Contractor,39,1484.01,0.3,40513.47
2024-11-21,Bricks,South,Individual,366,594.86,0.14,187238.13
2024-05-30,Lumber,South,Contractor,491,4538.58,0.11,1983314.07
2024-03-06,Lumber,North,Individual,79,3817.06,0.22,235207.24
2024-05-26,Steel,South,Contractor,329,1130.98,0.0,372092.42
2024-10-16,Bricks,North,Contractor,118,71.57,0.23,6502.85
2024-09-10,Cement,West,Contractor,122,3007.04,0.12,322835.81
2024-11-24,Lumber,South,Contractor,202,4142.15,0.23,644270.01
2024-11-28,Cement,North,Contractor,173,3543.92,0.03,594705.22
2024-05-16,Bricks,South,Individual,105,2548.27,0.17,222081.73
2024-08-07,Steel,West,Individual,118,232.74,0.07,25540.89
2024-05-09,Bricks,North,Individual,377,4405.53,0.2,1328707.85
2024-06-02,Bricks,East,Individual,123,696.55,0.03,83105.38
2024-10-07,Bricks,North,Contractor,497,535.59,0.26,196979.29
2024-03-29,Steel,East,Individual,9,3028.99,0.24,20718.29
2024-10-25,Steel,North,Contractor,473,128.44,0.23,46779.13
2024-09-17,Cement,North,Contractor,113,51.42,0.27,4241.64
2024-04-15,Cement,South,Contractor,405,4745.95,0.09,1749119.87
2024-01-05,Lumber,South,Contractor,65,1325.96,0.06,81016.16
2024-09-05,Bricks,East,Individual,438,1068.68,0.25,351061.38
2024-10-30,Lumber,West,Contractor,65,3278.61,0.29,151307.85
2024-04-04,Cement,West,Contractor,249,156.06,0.23,29921.38
2024-08-06,Lumber,West,Individual,153,763.92,0.04,112204.57
2024-05-03,Bricks,East,Individual,319,1593.85,0.0,508438.15
2024-10-08,Lumber,North,Contractor,95,3125.83,0.16,249441.23
2024-07-06,Bricks,South,Contractor,335,2857.35,0.09,871063.15
2024-06-20,Bricks,South,Contractor,359,2523.4,0.27,661307.44
2024-02-20,Steel,East,Contractor,429,4999.97,0.1,1930488.42
2024-10-31,Lumber,North,Contractor,17,3448.49,0.01,58038.09
2024-08-18,Cement,North,Contractor,162,2554.82,0.21,326965.86
2024-03-12,Cement,West,Individual,67,3681.47,0.07,229392.4
2024-02-28,Lumber,East,Individual,116,2047.34,0.23,182868.41
2024-11-03,Bricks,West,Individual,206,2921.93,0.28,433380.66
2024-02-01,Steel,West,Contractor,421,2824.62,0.2,951332.02
2024-05-28,Steel,West,Contractor,462,2740.82,0.12,1114307.78
2024-08-16,Bricks,North,Contractor,319,4710.86,0.1,1352487.91
2024-04-18,Lumber,South,Individual,364,1247.28,0.07,422229.23
2024-09-27,Lumber,West,Individual,273,631.62,0.0,172432.26
2024-07-01,Cement,North,Individual,318,2795.26,0.22,693336.29
2024-08-04,Steel,South,Individual,281,1333.31,0.11,333447.5
2024-03-07,Steel,East,Individual,184,2750.7,0.2,404903.04
2024-08-16,Bricks,East,Individual,351,2482.93,0.22,679776.58
2024-02-07,Steel,North,Individual,52,2468.97,0.23,98857.56
2024-06-30,Bricks,East,Individual,315,3217.2,0.18,831002.76
2024-12-09,Steel,South,Individual,19,4295.46,0.18,66923.27
2024-11-30,Lumber,East,Contractor,246,3607.67,0.25,665615.12
2024-02-18,Cement,East,Individual,7,3581.96,0.25,18805.29
2024-12-28,Bricks,West,Contractor,253,1482.24,0.25,281255.04
2024-08-16,Bricks,East,Contractor,252,4231.86,0.08,981114.42
2024-11-08,Bricks,South,Individual,454,4430.26,0.22,1568843.67
2024-03-26,Cement,South,Individual,453,2284.89,0.27,755590.27
2024-09-28,Bricks,North,Contractor,441,15.19,0.25,5024.09
2024-06-18,Steel,South,Contractor,456,2784.06,0.3,888671.95
2024-01-18,Lumber,West,Individual,179,3518.22,0.14,541594.79
2024-02-06,Lumber,South,Contractor,401,1638.54,0.15,558496.36
2024-09-04,Bricks,East,Contractor,70,556.48,0.2,31162.88
2024-02-24,Bricks,West,Individual,457,2605.45,0.26,881111.08
2024-04-28,Steel,East,Contractor,457,2761.1,0.14,1085167.52
2024-03-03,Bricks,East,Individual,407,1000.82,0.2,325866.99
2024-09-08,Steel,South,Individual,127,559.41,0.27,51862.9
2024-08-22,Steel,East,Individual,487,3616.07,0.09,1602533.74
2024-02-06,Steel,East,Individual,108,3244.88,0.09,318906.81
2024-05-20,Lumber,East,Contractor,67,2638.18,0.12,155547.09
2024-09-17,Steel,North,Individual,287,1106.93,0.17,263681.8
2024-09-06,Bricks,West,Individual,234,4303.33,0.09,916351.09
2024-05-29,Bricks,West,Contractor,43,2014.13,0.27,63223.54
2024-01-29,Bricks,East,Individual,354,2430.03,0.27,627968.35
2024-02-11,Lumber,South,Contractor,209,2963.88,0.22,483171.72
2024-12-26,Steel,East,Individual,109,365.59,0.21,31480.95
2024-01-14,Steel,North,Contractor,184,2991.69,0.24,418357.93
2024-05-28,Lumber,North,Individual,386,2526.17,0.18,799583.33
2024-06-22,Lumber,East,Contractor,29,168.75,0.27,3572.44
2024-11-17,Cement,North,Contractor,10,3452.18,0.28,24855.7
2024-08-24,Lumber,East,Individual,365,3405.1,0.17,1031575.04
2024-05-27,Bricks,East,Contractor,10,3451.11,0.28,24847.99
2024-04-13,Steel,North,Contractor,116,2714.93,0.04,302334.6
2024-03-16,Bricks,East,Individual,168,1408.29,0.1,212933.45
2024-10-08,Lumber,South,Contractor,91,3830.25,0.13,303240.89
2024-03-27,Lumber,North,Contractor,320,3503.01,0.12,986447.62
2024-07-23,Bricks,West,Contractor,46,143.24,0.23,5073.56
2024-06-14,Steel,North,Contractor,49,2389.88,0.3,81972.88
2024-10-25,Steel,North,Individual,104,2563.84,0.12,234642.64
2024-06-02,Cement,East,Contractor,451,3903.99,0.3,1232489.64
2024-01-08,Lumber,South,Contractor,446,4537.91,0.3,1416735.5
2024-10-16,Cement,East,Contractor,111,798.49,0.12,77996.5
2024-03-22,Bricks,East,Contractor,143,2492.02,0.1,320722.97
2024-05-25,Steel,South,Individual,151,1548.65,0.11,208123.07
2024-04-07,Bricks,East,Contractor,496,2605.68,0.08,1189023.9
2024-08-24,Cement,South,Contractor,66,1679.82,0.24,84259.77
2024-12-26,Cement,West,Individual,1,3871.72,0.12,3407.11
2024-12-17,Cement,West,Contractor,340,2495.19,0.09,772011.79
2024-12-11,Lumber,North,Contractor,136,2591.1,0.0,352389.6
2024-10-22,Steel,East,Contractor,148,2592.74,0.25,287794.14
2024-05-03,Bricks,East,Individual,339,455.13,0.11,137317.27
2024-05-16,Bricks,North,Contractor,495,3850.56,0.03,1848846.38
2024-08-15,Lumber,North,Individual,362,533.19,0.13,167922.86
2024-02-27,Lumber,East,Contractor,422,892.93,0.18,308989.5
2024-08-12,Bricks,West,Contractor,10,1042.57,0.0,10425.7
2024-09-15,Cement,East,Individual,376,515.86,0.26,143532.89
2024-01-30,Steel,South,Individual,467,332.45,0.16,130413.49
2024-11-30,Lumber,North,Contractor,185,3517.44,0.02,637711.87
2024-02-12,Lumber,North,Individual,131,4167.1,0.21,431253.18
2024-11-17,Cement,North,Contractor,151,2286.93,0.12,303887.26
2024-01-29,Bricks,South,Contractor,308,871.86,0.28,193343.67
2024-10-28,Steel,South,Individual,145,3454.84,0.08,460875.66
2024-12-19,Cement,East,Individual,284,3132.91,0.03,863054.05
2024-05-05,Cement,North,Contractor,391,3247.86,0.07,1181019.33
2024-07-18,Cement,South,Contractor,36,879.8,0.3,22170.96
2024-03-11,Cement,East,Individual,34,3717.24,0.28,90998.04
2024-02-18,Cement,South,Individual,466,548.32,0.24,194193.01
2024-08-14,Bricks,North,Individual,400,2462.01,0.24,748451.04
2024-03-01,Cement,East,Individual,216,2439.1,0.14,453087.22
2024-03-25,Cement,West,Contractor,35,4512.57,0.25,118454.96
2024-04-26,Bricks,West,Contractor,497,799.25,0.04,381338.16
2024-01-27,Steel,South,Contractor,92,4559.57,0.18,343973.96
2024-02-16,Lumber,East,Contractor,443,3019.99,0.28,963256.01
2024-03-02,Cement,West,Individual,55,2093.99,0.1,103652.5
2024-03-26,Steel,South,Contractor,165,3779.85,0.13,542597.47
2024-09-15,Bricks,West,Contractor,444,2774.81,0.08,1133454.39
2024-09-09,Lumber,West,Individual,79,1239.08,0.06,92014.08
2024-12-08,Bricks,North,Contractor,33,1812.88,0.02,58628.54
2024-09-22,Bricks,North,Contractor,145,4281.96,0.07,577422.31
2024-11-29,Bricks,South,Individual,439,4814.36,0.05,2007828.84
2024-05-29,Steel,North,Individual,453,1152.75,0.19,422978.56
2024-11-30,Lumber,South,Contractor,492,445.07,0.21,172989.81
2024-04-07,Cement,East,Contractor,353,3783.31,0.15,1135182.17
2024-06-19,Cement,South,Contractor,482,4728.6,0.25,1709388.9
2024-10-03,Steel,East,Contractor,266,3352.36,0.24,677713.1
2024-06-05,Cement,West,Contractor,484,3317.88,0.29,1140156.28
2024-02-06,Bricks,East,Individual,305,732.8,0.14,192213.44
2024-10-04,Steel,North,Contractor,371,1718.26,0.01,631099.72
2024-11-24,Cement,West,Contractor,416,2959.34,0.22,960246.64
2024-04-30,Bricks,West,Contractor,442,3777.9,0.23,1285770.49
2024-03-11,Lumber,North,Contractor,355,2667.33,0.01,937433.13
2024-01-15,Lumber,West,Contractor,61,4918.0,0.02,293998.04
2024-04-04,Bricks,South,Individual,187,818.69,0.23,117883.17
2024-03-05,Cement,East,Contractor,252,4749.69,0.23,921629.85
2024-09-03,Bricks,North,Contractor,365,1134.65,0.17,343742.22
2024-06-03,Lumber,West,Individual,130,3146.78,0.02,400899.77
2024-06-26,Bricks,West,Individual,488,1528.99,0.17,619302.11
2024-09-08,Steel,West,Individual,448,3936.8,0.04,1693138.94
2024-02-05,Cement,North,Contractor,111,2454.7,0.24,207078.49
2024-08-13,Lumber,East,Contractor,75,1537.8,0.13,100341.45
2024-05-28,Lumber,West,Contractor,197,561.14,0.21,87330.22
2024-09-20,Lumber,West,Individual,22,3386.79,0.3,52156.57
2024-08-13,Steel,West,Contractor,228,4144.79,0.21,746559.57
2024-11-16,Lumber,South,Individual,33,1150.48,0.29,26955.75
2024-08-21,Lumber,West,Individual,285,4051.58,0.26,854478.22
2024-09-09,Bricks,West,Contractor,8,1744.33,0.3,9768.25
2024-03-22,Steel,West,Individual,292,4552.33,0.19,1076717.09
2024-11-06,Cement,South,Individual,222,4378.64,0.2,777646.46
2024-05-11,Cement,North,Contractor,29,2695.66,0.03,75828.92
2024-08-08,Cement,West,Contractor,122,2125.23,0.17,215200.79
2024-12-29,Cement,West,Individual,341,3624.53,0.2,988771.78
2024-11-25,Lumber,South,Individual,233,3298.05,0.17,637809.89
2024-05-21,Steel,South,Contractor,94,4243.54,0.09,362992.41
2024-09-03,Cement,West,Contractor,282,3345.97,0.24,717108.29
2024-11-24,Cement,West,Contractor,162,1969.97,0.29,226585.95
2024-02-29,Steel,East,Individual,50,2431.62,0.23,93617.37
2024-07-04,Lumber,North,Contractor,469,28.47,0.3,9346.7
2024-06-11,Lumber,West,Contractor,67,2394.87,0.09,146015.22
2024-03-18,Bricks,North,Contractor,486,1005.61,0.08,449628.34
2024-06-28,Cement,North,Individual,207,1624.92,0.1,302722.6
2024-01-07,Steel,West,Contractor,179,3065.04,0.11,488291.52
2024-11-04,Lumber,North,Contractor,177,116.82,0.03,20056.83
2024-11-26,Steel,West,Individual,188,2532.94,0.03,461906.94
2024-03-19,Bricks,North,Contractor,182,4903.95,0.28,642613.61
2024-06-17,Bricks,West,Individual,300,517.63,0.23,119572.53
2024-01-30,Lumber,North,Contractor,52,2318.71,0.25,90429.69
2024-04-24,Lumber,West,Contractor,53,2762.18,0.1,131755.99
2024-09-23,Bricks,East,Individual,292,1409.44,0.22,321014.05
2024-12-16,Bricks,South,Contractor,16,3664.68,0.02,57462.18
2024-04-29,Cement,South,Individual,13,3635.41,0.04,45369.92
2024-04-28,Cement,North,Individual,65,789.38,0.1,46178.73
2024-05-28,Steel,South,Individual,149,3692.54,0.27,401637.58
2024-03-30,Bricks,South,Contractor,475,270.12,0.19,103928.67
2024-04-21,Bricks,West,Contractor,458,1239.62,0.2,454196.77
2024-09-21,Cement,West,Contractor,452,1532.56,0.11,616518.24
2024-12-27,Bricks,East,Individual,472,598.82,0.22,220461.57
2024-01-15,Cement,East,Individual,460,3844.26,0.1,1591523.64
2024-09-16,Bricks,East,Individual,272,643.41,0.23,134755.79
2024-09-03,Cement,North,Individual,295,2498.25,0.12,648545.7
2024-06-14,Steel,North,Contractor,295,2991.67,0.2,706034.12
2024-11-19,Steel,North,Individual,165,4457.9,0.04,706131.36
2024-01-13,Bricks,South,Contractor,305,4238.94,0.25,969657.52
2024-08-13,Lumber,West,Individual,428,1234.57,0.21,417432.81
2024-03-13,Lumber,East,Individual,459,1903.08,0.09,794897.49
2024-02-13,Bricks,South,Individual,359,3370.37,0.2,967970.26
2024-07-14,Lumber,West,Individual,96,2041.85,0.28,141132.67
2024-08-09,Cement,South,Individual,82,1480.53,0.03,117761.36
2024-02-04,Cement,North,Contractor,37,4569.39,0.01,167376.76
2024-08-19,Steel,East,Contractor,441,263.35,0.04,111491.86
2024-07-17,Cement,North,Contractor,7,969.92,0.06,6382.07
2024-06-04,Lumber,West,Individual,207,4793.33,0.19,803697.64
2024-06-16,Lumber,East,Individual,124,165.87,0.19,16659.98
2024-08-05,Steel,East,Individual,379,3136.38,0.05,1129253.62
2024-06-24,Steel,South,Contractor,205,1686.13,0.11,307634.42
2024-05-28,Cement,West,Individual,500,2344.86,0.26,867598.2
2024-06-27,Bricks,West,Individual,96,1808.35,0.22,135409.25
2024-04-22,Lumber,South,Individual,396,3327.55,0.27,961928.15
2024-12-09,Bricks,East,Contractor,324,770.3,0.03,242089.88
2024-03-11,Bricks,North,Individual,230,4054.91,0.08,858018.96
2024-03-19,Cement,West,Individual,376,4513.15,0.02,1663005.51
2024-03-06,Cement,North,Contractor,48,4325.83,0.21,164035.47
2024-07-11,Lumber,West,Contractor,474,2020.41,0.0,957674.34
2024-01-10,Cement,East,Contractor,105,3859.36,0.05,384971.16
2024-04-25,Steel,North,Contractor,63,1668.37,0.26,77779.41
2024-10-29,Cement,East,Individual,456,748.22,0.22,266126.89
2024-07-24,Lumber,East,Individual,161,442.73,0.0,71279.53
2024-06-05,Cement,East,Contractor,279,1977.53,0.14,474488.55
2024-01-22,Steel,East,Individual,485,4902.5,0.27,1735730.12
2024-06-12,Lumber,North,Individual,168,967.53,0.19,131661.48
2024-09-09,Lumber,South,Contractor,252,2899.14,0.12,642913.29
2024-04-02,Bricks,West,Individual,374,3713.99,0.16,1166787.1
2024-03-15,Cement,South,Contractor,176,3933.36,0.06,650735.08
2024-07-10,Bricks,North,Individual,108,4301.06,0.19,376256.73
2024-10-06,Steel,West,Contractor,395,2463.87,0.09,885638.07
2024-12-12,Steel,East,Contractor,115,2744.56,0.12,277749.47
2024-09-30,Steel,East,Individual,394,903.27,0.29,252680.75
2024-05-13,Cement,East,Contractor,171,2808.47,0.17,398606.15
2024-02-08,Bricks,South,Contractor,18,1784.71,0.07,29876.05
2024-11-20,Cement,South,Contractor,220,1322.96,0.16,244483.01
2024-01-05,Cement,North,Contractor,466,2508.08,0.08,1075264.06
2024-12-06,Steel,North,Contractor,113,1296.23,0.11,130361.85
2024-10-14,Cement,North,Contractor,339,224.61,0.13,66244.23
2024-08-26,Lumber,East,Contractor,483,2149.96,0.16,872281.77
2024-12-19,Bricks,East,Individual,305,1368.45,0.09,379813.3
2024-06-03,Steel,West,Individual,496,4210.98,0.07,1942440.85
2024-06-06,Steel,East,Contractor,226,926.82,0.06,196893.64
2024-07-07,Cement,South,Individual,146,3927.04,0.14,493079.14
2024-05-07,Steel,East,Contractor,279,3689.17,0.03,998400.08
2024-04-21,Cement,East,Individual,325,1467.72,0.12,419767.92
2024-04-19,Cement,South,Contractor,62,4073.37,0.26,186886.22
2024-11-29,Cement,South,Individual,470,1276.24,0.15,509857.88
2024-12-22,Cement,West,Individual,396,3366.4,0.08,1226446.85
2024-03-01,Bricks,South,Individual,211,4475.5,0.09,859340.76
2024-04-09,Steel,North,Contractor,120,3134.14,0.11,334726.15
2024-10-05,Cement,South,Contractor,458,742.93,0.14,292625.27
2024-06-05,Bricks,North,Individual,265,1165.83,0.21,244066.51
2024-07-31,Steel,West,Contractor,210,848.7,0.05,169315.65
2024-11-25,Steel,South,Contractor,210,412.29,0.27,63204.06
2024-10-05,Steel,South,Contractor,472,3425.39,0.06,1519777.04
2024-05-30,Lumber,South,Contractor,238,1635.6,0.07,362023.7
2024-07-21,Cement,East,Contractor,334,1796.32,0.18,491976.12
2024-03-30,Steel,North,Individual,285,2204.34,0.12,552848.47
2024-08-24,Cement,East,Contractor,279,4984.95,0.09,1265628.96
2024-03-07,Cement,North,Contractor,238,4182.56,0.15,846131.89
2024-10-21,Cement,West,Individual,251,252.68,0.01,62788.45
2024-10-03,Bricks,East,Contractor,240,1282.75,0.25,230895.0
2024-03-27,Steel,South,Individual,441,71.32,0.25,23589.09
2024-10-16,Steel,West,Individual,325,2131.63,0.15,588862.79
2024-10-06,Steel,North,Individual,7,3049.45,0.04,20492.3
2024-08-06,Bricks,West,Contractor,307,1892.8,0.28,418384.51
2024-05-30,Steel,East,Contractor,458,30.39,0.13,12109.2
2024-07-18,Steel,North,Contractor,369,3199.46,0.15,1003510.63
2024-09-30,Lumber,South,Individual,114,1748.67,0.2,159478.7
2024-05-06,Bricks,North,Individual,481,2608.68,0.14,1079106.57
2024-11-29,Lumber,North,Individual,353,420.37,0.11,132067.64
2024-11-19,Lumber,South,Contractor,272,626.45,0.07,158466.79
2024-02-03,Cement,North,Individual,191,4367.98,0.08,767541.45
2024-03-29,Bricks,South,Contractor,97,4319.9,0.14,360366.06
2024-11-04,Bricks,North,Contractor,427,4311.63,0.19,1491263.47
2024-12-22,Cement,North,Contractor,386,4185.23,0.04,1550878.83
2024-08-15,Lumber,West,Individual,179,790.29,0.14,121657.24
2024-09-10,Steel,North,Individual,205,1235.4,0.22,197540.46
2024-01-09,Bricks,East,Contractor,51,2651.81,0.02,132537.46
2024-04-02,Steel,South,Contractor,103,4226.62,0.11,387454.26
2024-09-28,Cement,South,Contractor,338,2555.22,0.2,690931.49
2024-11-26,Lumber,North,Individual,98,2516.21,0.17,204668.52
2024-02-03,Cement,South,Individual,346,3731.3,0.11,1149016.52
2024-02-12,Steel,North,Individual,29,3546.66,0.1,92567.83
2024-01-24,Bricks,South,Contractor,252,3271.72,0.06,775005.03
2024-03-17,Lumber,East,Contractor,67,4380.5,0.1,264144.15
2024-10-05,Lumber,South,Contractor,412,2134.86,0.27,642080.49
2024-08-01,Bricks,North,Contractor,128,3070.89,0.22,306597.66
2024-01-22,Lumber,South,Contractor,480,1564.27,0.29,533103.22
2024-03-05,Cement,North,Contractor,386,1149.1,0.28,319357.87
2024-04-24,Steel,North,Contractor,199,4341.31,0.21,682497.35
2024-02-20,Bricks,West,Individual,196,1286.03,0.01,249541.26
2024-11-23,Steel,West,Contractor,247,4118.56,0.29,722271.87
2024-09-23,Cement,West,Contractor,17,3304.02,0.12,49428.14
2024-05-17,Bricks,South,Individual,476,1426.95,0.0,679228.2
2024-04-08,Lumber,North,Contractor,350,3106.35,0.02,1065478.05
2024-03-25,Lumber,East,Individual,452,3636.64,0.18,1347884.25
2024-02-06,Bricks,North,Contractor,308,2412.48,0.23,572143.76
2024-02-14,Cement,South,Contractor,50,733.02,0.08,33718.92
2024-10-15,Steel,West,Contractor,200,3809.72,0.19,617174.64
2024-11-02,Lumber,East,Contractor,123,2485.6,0.03,296556.94
2024-01-06,Bricks,East,Contractor,226,4919.55,0.12,978400.1
2024-01-30,Steel,East,Individual,129,850.16,0.15,93220.04
2024-12-09,Lumber,South,Contractor,207,1473.34,0.04,292782.12
2024-04-23,Lumber,South,Individual,278,3587.69,0.22,777954.7
2024-09-07,Lumber,East,Individual,443,458.99,0.02,199265.92
2024-06-17,Cement,South,Contractor,140,2298.28,0.12,283148.1
2024-09-28,Cement,North,Individual,86,1844.57,0.26,117388.43
2024-08-15,Bricks,North,Contractor,120,435.63,0.23,40252.21
2024-10-27,Bricks,South,Individual,212,1454.48,0.11,274431.29
2024-08-04,Bricks,South,Individual,374,3885.4,0.2,1162511.68
2024-11-22,Bricks,East,Individual,369,531.86,0.05,186443.52
2024-05-26,Cement,North,Individual,218,854.8,0.26,137896.34
2024-01-22,Bricks,East,Individual,378,1049.57,0.25,297553.09
2024-07-23,Cement,East,Individual,382,229.74,0.11,78107.01
2024-01-09,Bricks,North,Individual,331,4737.57,0.22,1223145.82
2024-07-17,Bricks,West,Contractor,148,1834.02,0.23,209004.92
2024-01-14,Steel,West,Contractor,458,1906.59,0.25,654913.66
2024-11-08,Steel,East,Contractor,12,2152.33,0.29,18337.85
2024-08-18,Steel,West,Individual,381,960.76,0.02,358728.57
2024-07-13,Bricks,South,Individual,146,2090.72,0.14,262510.8
2024-01-22,Lumber,East,Contractor,143,1298.76,0.18,152292.6
2024-01-03,Bricks,East,Contractor,37,2293.56,0.29,60251.82
2024-04-09,Steel,South,Individual,192,2938.37,0.11,502108.67
2024-02-27,Lumber,East,Contractor,50,4175.54,0.03,202513.69
2024-06-12,Lumber,West,Individual,370,1760.3,0.01,644797.89
2024-11-09,Cement,East,Individual,490,4552.72,0.19,1806974.57
2024-05-17,Cement,North,Contractor,482,93.02,0.11,39903.72
2024-10-03,Bricks,North,Individual,157,1072.48,0.0,168379.36
2024-08-23,Lumber,South,Contractor,375,119.52,0.04,43027.2
2024-04-19,Cement,North,Individual,438,3863.12,0.03,1641285.16
2024-06-15,Lumber,East,Contractor,241,4176.52,0.25,754905.99
2024-10-07,Cement,North,Contractor,205,1695.38,0.2,278042.32
2024-06-25,Cement,South,Individual,473,3410.77,0.29,1145438.89
2024-05-08,Steel,North,Contractor,230,3070.62,0.05,670930.47
2024-02-25,Cement,North,Individual,415,79.2,0.11,29252.52
2024-01-12,Bricks,South,Individual,413,4168.98,0.07,1601263.53
2024-05-26,Steel,East,Individual,421,1069.35,0.09,409678.68
2024-07-31,Lumber,South,Contractor,127,881.7,0.06,105257.35
2024-02-20,Bricks,South,Individual,394,4116.89,0.25,1216541.0
2024-01-07,Bricks,East,Contractor,342,3926.2,0.22,1047353.11
2024-01-12,Lumber,East,Contractor,403,4842.92,0.15,1658942.25
2024-03-10,Bricks,East,Individual,479,1384.6,0.07,616797.76
2024-03-12,Bricks,West,Contractor,346,3950.11,0.25,1025053.54
2024-12-18,Lumber,East,Contractor,382,2032.58,0.08,714329.92
2024-10-05,Lumber,East,Contractor,459,3072.48,0.1,1269241.49
2024-10-29,Cement,East,Individual,53,462.97,0.19,19875.3
2024-09-19,Cement,North,Individual,74,131.35,0.28,6998.33
2024-08-17,Cement,West,Contractor,396,2629.68,0.25,781014.96
2024-03-08,Lumber,North,Individual,487,2158.93,0.06,988314.98
2024-08-24,Bricks,South,Contractor,482,1007.99,0.2,388680.94
2024-07-16,Lumber,North,Contractor,299,865.47,0.29,183730.63
2024-05-05,Steel,South,Contractor,401,3367.3,0.07,1255767.19
2024-11-11,Lumber,South,Contractor,54,1370.92,0.13,64405.82
2024-07-07,Steel,South,Contractor,381,143.61,0.12,48149.56
2024-12-06,Steel,North,Individual,322,2606.19,0.11,746881.93
2024-04-26,Steel,West,Contractor,268,2912.61,0.28,562017.23
2024-03-14,Bricks,West,Contractor,134,2098.87,0.22,219373.89
2024-10-09,Steel,West,Contractor,29,3402.61,0.09,89794.88
2024-10-11,Steel,East,Individual,84,3456.46,0.29,206143.27
2024-08-06,Cement,West,Individual,13,1536.58,0.29,14182.63
2024-11-09,Cement,South,Contractor,261,3300.14,0.15,732136.06
2024-04-18,Lumber,North,Contractor,301,626.55,0.21,148987.32
2024-12-12,Cement,South,Contractor,252,346.64,0.26,64641.43
2024-03-06,Lumber,West,Contractor,307,2532.69,0.14,668680.81
2024-12-16,Bricks,South,Individual,396,894.73,0.02,347226.82
2024-10-28,Bricks,South,Individual,331,2730.14,0.11,804271.94
2024-03-06,Steel,South,Contractor,18,2033.53,0.14,31479.04
2024-08-28,Lumber,East,Individual,337,4663.43,0.01,1555860.15
2024-05-26,Steel,West,Contractor,203,926.35,0.22,146678.26
2024-04-26,Steel,East,Contractor,94,1928.95,0.29,128738.12
2024-08-19,Bricks,West,Contractor,260,3077.09,0.1,720039.06
2024-08-05,Lumber,West,Individual,199,2005.09,0.08,367091.88
2024-01-27,Lumber,East,Individual,33,3138.12,0.16,86988.69
2024-01-16,Steel,East,Individual,316,3374.35,0.03,1034305.76
2024-04-13,Steel,South,Individual,314,1150.39,0.04,346773.56
2024-12-04,Steel,East,Individual,72,2526.52,0.29,129155.7
2024-02-21,Lumber,West,Individual,88,4230.81,0.13,323910.81
2024-03-06,Steel,North,Individual,275,3017.24,0.26,614008.34
2024-01-23,Steel,North,Contractor,151,2471.68,0.0,373223.68
2024-09-03,Bricks,North,Contractor,247,1881.66,0.29,329986.71
2024-03-11,Lumber,North,Individual,475,4061.75,0.09,1755691.44
2024-03-18,Bricks,East,Individual,180,1518.15,0.02,267801.66
2024-11-02,Lumber,North,Individual,270,3285.64,0.15,754054.38
2024-08-15,Lumber,North,Contractor,182,4209.83,0.26,566979.9
2024-01-14,Lumber,North,Contractor,80,676.51,0.04,51955.97
2024-10-08,Bricks,South,Individual,472,3266.81,0.01,1526514.98
2024-11-16,Steel,South,Individual,221,3430.97,0.26,561100.83
2024-05-01,Steel,North,Contractor,386,1916.33,0.09,673130.08
2024-09-17,Steel,South,Individual,211,3306.96,0.25,523326.42
2024-01-30,Cement,West,Individual,30,2062.66,0.01,61261.0
2024-06-15,Bricks,East,Contractor,66,3366.69,0.15,188871.31
2024-11-01,Lumber,West,Contractor,437,1844.43,0.19,652872.89
2024-01-16,Cement,North,Contractor,195,3446.02,0.17,557738.34
2024-09-21,Steel,North,Contractor,385,751.53,0.08,266191.93
2024-09-29,Steel,North,Contractor,173,2339.06,0.14,348005.35
2024-11-16,Bricks,East,Contractor,362,3844.09,0.12,1224573.31
2024-12-27,Bricks,East,Contractor,387,825.44,0.1,287500.75
2024-09-20,Lumber,South,Individual,376,31.24,0.25,8809.68
2024-03-28,Steel,East,Individual,90,3985.2,0.06,337147.92
2024-01-20,Cement,North,Contractor,106,314.63,0.03,32350.26
2024-11-20,Bricks,East,Contractor,191,2334.73,0.09,405799.42
2024-08-06,Steel,East,Individual,67,2363.54,0.3,110850.03
2024-01-29,Lumber,East,Individual,434,1003.05,0.1,391791.33
2024-10-18,Cement,South,Individual,171,1425.21,0.04,233962.47
2024-01-30,Cement,South,Contractor,474,3351.04,0.29,1127759.0
2024-03-19,Lumber,West,Contractor,342,4251.83,0.18,1192383.21
2024-06-11,Steel,West,Individual,454,1945.88,0.06,830423.75
2024-10-15,Lumber,North,Individual,295,3218.44,0.1,854495.82
2024-03-10,Lumber,South,Individual,40,577.3,0.26,17088.08
2024-12-13,Steel,South,Contractor,391,957.75,0.11,333287.42
2024-08-26,Lumber,South,Individual,69,1365.9,0.13,81994.98
2024-05-09,Cement,East,Individual,354,925.86,0.23,252370.92
2024-10-01,Lumber,West,Individual,307,3793.02,0.23,896632.0
2024-07-28,Lumber,North,Individual,318,3152.1,0.14,862036.31
2024-10-09,Bricks,North,Contractor,165,3084.26,0.27,371499.12
2024-04-29,Steel,North,Individual,351,2990.17,0.11,934099.21
2024-03-19,Cement,West,Individual,480,1498.49,0.3,503492.64
2024-12-06,Steel,North,Individual,249,557.03,0.11,123443.42
2024-11-23,Cement,East,Individual,299,4824.13,0.01,1427990.72
2024-06-30,Cement,West,Contractor,282,3857.03,0.21,859269.14
2024-04-11,Cement,West,Individual,472,3960.21,0.2,1495375.3
2024-03-22,Bricks,West,Contractor,101,1937.08,0.24,148690.26
2024-05-28,Lumber,East,Individual,229,3729.94,0.28,614992.51
2024-06-21,Steel,North,Contractor,135,3415.64,0.08,424222.49
2024-08-10,Bricks,East,Contractor,81,3569.93,0.25,216873.25
2024-10-07,Lumber,West,Individual,352,4877.22,0.05,1630942.37
2024-10-21,Lumber,North,Individual,157,2303.22,0.08,332677.1
2024-02-26,Bricks,South,Individual,121,418.45,0.02,49619.8
2024-11-03,Lumber,South,Individual,210,2920.27,0.05,582593.86
2024-12-05,Lumber,West,Individual,412,4471.55,0.3,1289595.02
2024-08-09,Steel,South,Contractor,364,3482.55,0.15,1077500.97
2024-12-01,Steel,East,Contractor,92,3984.83,0.12,322611.84
2024-06-27,Lumber,North,Contractor,284,1976.85,0.04,538968.38
2024-07-04,Cement,West,Individual,454,3691.58,0.03,1625698.0
2024-11-04,Steel,West,Contractor,266,551.37,0.13,127598.05
2024-12-08,Bricks,South,Individual,65,1992.97,0.16,108816.16
2024-06-25,Cement,North,Contractor,253,2384.56,0.07,561063.12
2024-03-21,Lumber,North,Contractor,174,4013.27,0.3,488816.29
2024-09-06,Bricks,East,Individual,453,3945.62,0.13,1555008.3
2024-04-15,Cement,East,Contractor,416,1917.53,0.29,566361.66
2024-01-04,Steel,North,Contractor,22,4625.66,0.26,75305.74
2024-11-01,Bricks,West,Contractor,270,320.04,0.26,63943.99
2024-12-03,Bricks,South,Individual,197,4975.04,0.22,764464.65
2024-11-29,Cement,East,Individual,23,1770.25,0.02,39901.44
2024-01-03,Lumber,South,Individual,476,272.64,0.05,123287.81
2024-08-31,Cement,North,Contractor,223,3491.42,0.29,552796.53
2024-12-28,Bricks,West,Individual,322,4650.9,0.06,1407734.41
2024-03-17,Bricks,North,Contractor,162,2239.81,0.16,304793.34
2024-08-07,Bricks,North,Individual,136,2419.44,0.08,302720.33
2024-05-22,Steel,West,Contractor,316,694.23,0.24,166726.28
2024-09-08,Steel,West,Individual,272,4550.9,0.18,1015032.74
2024-04-13,Steel,North,Contractor,239,1499.7,0.1,322585.47
2024-07-09,Bricks,East,Individual,285,4308.93,0.01,1215764.6
2024-08-02,Bricks,East,Contractor,345,2443.65,0.19,682877.99
2024-08-09,Lumber,East,Contractor,103,2009.52,0.24,157305.23
2024-12-26,Cement,West,Contractor,179,1801.57,0.29,228961.53
2024-01-17,Lumber,South,Contractor,303,3803.61,0.13,1002669.63
2024-09-12,Cement,South,Contractor,8,2226.74,0.18,14607.41
2024-12-26,Cement,North,Contractor,395,1563.94,0.22,481849.91
2024-07-04,Lumber,South,Contractor,220,3648.77,0.07,746538.34
